"Country","Year","Male Medical doctors (%)","Female Medical doctors (%)","Male Nursing personnel (%)","Female Nursing personnel (%)"
"Albania"," 2013","53.114","46.886","31.536","68.464"
"Algeria"," 2018","39.439","60.561","38.588","61.412"
"Antigua and Barbuda"," 2018","","","2.957","97.043"
"Antigua and Barbuda"," 2017","","","2.842","97.158"
"Antigua and Barbuda"," 2016","","","2.737","97.263"
"Antigua and Barbuda"," 2015","","","2.545","97.455"
"Antigua and Barbuda"," 2014","","","2.399","97.601"
"Antigua and Barbuda"," 2013","","","2.425","97.575"
"Argentina"," 2016","","","80.539","19.461"
"Armenia"," 2015","30.546","69.454","",""
"Armenia"," 2014","30.375","69.625","",""
"Armenia"," 2013","30.808","69.192","",""
"Armenia"," 2012","30.781","69.219","",""
"Armenia"," 2011","30.532","69.468","2.358","97.642"
"Armenia"," 2010","30.494","69.506","",""
"Armenia"," 2009","30.031","69.969","",""
"Armenia"," 2008","29.569","70.431","",""
"Armenia"," 2007","29.32","70.68","",""
"Armenia"," 2006","29.488","70.512","",""
"Armenia"," 2005","29.449","70.551","",""
"Armenia"," 2004","29.605","70.395","",""
"Armenia"," 2003","29.61","70.39","",""
"Armenia"," 2002","29.23","70.77","",""
"Armenia"," 2001","28.197","71.803","",""
"Armenia"," 2000","28.686","71.314","",""
"Australia"," 2017","58.727","41.273","11.11","88.89"
"Australia"," 2016","59.421","40.579","10.97","89.03"
"Australia"," 2015","60.031","39.969","10.76","89.24"
"Australia"," 2014","60.67","39.33","10.68","89.32"
"Australia"," 2013","61.499","38.501","10.52","89.48"
"Australia"," 2012","62.324","37.676","",""
"Australia"," 2009","64.192","35.808","",""
"Australia"," 2008","64.856","35.144","",""
"Australia"," 2007","65.92","34.08","",""
"Australia"," 2006","66.194","33.806","",""
"Australia"," 2005","67.099","32.901","",""
"Austria"," 2017","52.645","47.355","",""
"Austria"," 2016","52.997","47.003","6.787","93.213"
"Austria"," 2015","53.498","46.502","",""
"Austria"," 2014","53.824","46.176","",""
"Austria"," 2013","54.267","45.733","",""
"Austria"," 2012","54.51","45.49","",""
"Austria"," 2011","55.018","44.982","",""
"Austria"," 2010","55.534","44.466","",""
"Austria"," 2009","56.248","43.752","",""
"Austria"," 2008","57.145","42.855","",""
"Austria"," 2007","58.109","41.891","",""
"Austria"," 2006","58.871","41.129","",""
"Austria"," 2005","59.288","40.712","",""
"Austria"," 2004","60.045","39.955","",""
"Austria"," 2003","60.961","39.039","",""
"Austria"," 2002","61.734","38.266","",""
"Austria"," 2001","62.403","37.597","",""
"Austria"," 2000","63.234","36.766","",""
"Austria"," 1999","63.908","36.092","",""
"Austria"," 1998","64.806","35.194","",""
"Austria"," 1997","65.667","34.333","",""
"Austria"," 1996","66.285","33.715","",""
"Austria"," 1995","66.658","33.342","",""
"Azerbaijan"," 2013","35.266","64.734","",""
"Bangladesh"," 2018","61.17","38.83","22.545","77.455"
"Bangladesh"," 2017","62.293","37.707","5.922","94.078"
"Bangladesh"," 2010","86.334","13.666","62.311","37.689"
"Barbados"," 2018","","","11.849","88.151"
"Belarus"," 2015","27.452","72.548","",""
"Belarus"," 2014","28.372","71.628","",""
"Belarus"," 2013","28.853","71.147","",""
"Belarus"," 2012","29.28","70.72","",""
"Belarus"," 2011","29.824","70.176","",""
"Belarus"," 2009","","","0.614","99.386"
"Belgium"," 2017","57.087","42.913","",""
"Belgium"," 2016","58.331","41.669","13.714","86.286"
"Belgium"," 2015","59.371","40.629","",""
"Belgium"," 2014","60.501","39.499","",""
"Belgium"," 2013","61.556","38.444","",""
"Belgium"," 2012","62.683","37.317","",""
"Belgium"," 2011","63.511","36.489","",""
"Belgium"," 2010","64.369","35.631","",""
"Belgium"," 2009","65.14","34.86","",""
"Belgium"," 2008","65.965","34.035","",""
"Belgium"," 2007","66.701","33.299","",""
"Belgium"," 2006","67.603","32.397","",""
"Belgium"," 2005","68.373","31.627","",""
"Belgium"," 2004","69.033","30.967","",""
"Belgium"," 2003","69.851","30.149","",""
"Belgium"," 2002","70.561","29.439","",""
"Belgium"," 2001","71.451","28.549","",""
"Belgium"," 2000","72.345","27.655","",""
"Belgium"," 1999","73.204","26.796","",""
"Belize"," 2018","","","5.171","94.829"
"Belize"," 2017","","","4.678","95.322"
"Belize"," 2016","","","4.214","95.786"
"Belize"," 2015","","","4.26","95.74"
"Belize"," 2014","","","4.343","95.657"
"Belize"," 2013","","","4.307","95.693"
"Benin"," 2018","58.37","41.63","68.739","31.261"
"Benin"," 2013","74.054","25.946","46.311","53.689"
"Bhutan"," 2018","62.813","37.188","38.01","61.99"
"Bhutan"," 2017","65.397","34.603","42.494","57.506"
"Bolivia (Plurinational State of)"," 2017","","","13.359","86.641"
"Bolivia (Plurinational State of)"," 2016","","","14.693","85.307"
"Bosnia and Herzegovina"," 2018","","","22.5","77.5"
"Bosnia and Herzegovina"," 2017","","","22.342","77.658"
"Bosnia and Herzegovina"," 2016","","","21.781","78.219"
"Bosnia and Herzegovina"," 2015","12.305","87.695","21.436","78.564"
"Bosnia and Herzegovina"," 2014","","","21.795","78.205"
"Bosnia and Herzegovina"," 2013","12.333","87.667","20.532","79.468"
"Bosnia and Herzegovina"," 2012","12.062","87.938","",""
"Bosnia and Herzegovina"," 2011","11.754","88.246","",""
"Bosnia and Herzegovina"," 2010","11.216","88.784","",""
"Bosnia and Herzegovina"," 2009","11.651","88.349","",""
"Bosnia and Herzegovina"," 2008","10.536","89.464","",""
"Bosnia and Herzegovina"," 2007","10.805","89.195","",""
"Bosnia and Herzegovina"," 2006","9.561","90.439","",""
"Bosnia and Herzegovina"," 2005","8.526","91.474","",""
"Bosnia and Herzegovina"," 2004","8.452","91.548","",""
"Bosnia and Herzegovina"," 2003","9.472","90.528","",""
"Botswana"," 2018","","","70.922","29.078"
"Botswana"," 2011","65.986","34.014","25.272","74.728"
"Brazil"," 2017","57.198","42.802","13.469","86.531"
"Brazil"," 2014","","","14.483","85.517"
"Brazil"," 2010","59.663","40.337","16.109","83.891"
"Brunei Darussalam"," 2018","","","19.447","80.553"
"Brunei Darussalam"," 2017","","","21.128","78.872"
"Brunei Darussalam"," 2016","","","20.721","79.279"
"Bulgaria"," 2015","44.91","55.09","",""
"Bulgaria"," 2014","44.422","55.578","",""
"Burkina Faso"," 2017","","","62.394","37.606"
"Burkina Faso"," 2016","","","64.313","35.687"
"Burkina Faso"," 2015","","","62.823","37.177"
"Burundi"," 2017","75.277","24.723","42.542","57.458"
"Burundi"," 2011","81.793","18.207","36.998","63.002"
"Cabo Verde"," 2018","","","21.793","78.207"
"Cabo Verde"," 2017","","","21.719","78.281"
"Cambodia"," 2018","","","62.271","37.729"
"Cambodia"," 2017","","","62.343","37.657"
"Cambodia"," 2016","","","62.958","37.042"
"Cambodia"," 2015","","","65.7","34.3"
"Cambodia"," 2014","","","65.672","34.328"
"Cambodia"," 2013","59.966","40.034","66.087","33.913"
"Cambodia"," 2008","70.27","29.73","52.921","47.079"
"Canada"," 2018","","","8.724","91.276"
"Canada"," 2017","","","8.492","91.508"
"Canada"," 2016","","","8.296","91.704"
"Canada"," 2015","","","8.072","91.928"
"Canada"," 2014","","","7.852","92.148"
"Canada"," 2013","","","7.616","92.384"
"Chile"," 2018","58.194","41.806","14.944","85.056"
"Chile"," 2017","58.96","41.04","14.98","85.02"
"Chile"," 2016","59.642","40.358","15.101","84.899"
"Chile"," 2015","60.373","39.627","15.261","84.739"
"Chile"," 2014","61.012","38.988","15.443","84.557"
"Chile"," 2013","61.679","38.321","14.967","85.033"
"Chile"," 2012","62.118","37.882","",""
"Chile"," 2011","61.644","38.356","",""
"Chile"," 2010","61.493","38.507","",""
"China"," 2017","","","2","98"
"China"," 2016","","","2","98"
"China"," 2015","","","2","98"
"China"," 2014","","","2","98"
"China"," 2013","","","1.961","98.039"
"Congo"," 2015","","","27.495","72.505"
"Congo"," 2010","","","69.416","30.584"
"Cook Islands"," 2018","","","9.322","90.678"
"Cook Islands"," 2017","","","9.524","90.476"
"Cook Islands"," 2016","","","9.091","90.909"
"Cook Islands"," 2015","","","8.511","91.489"
"Cook Islands"," 2014","","","7.895","92.105"
"Cook Islands"," 2013","","","6.14","93.86"
"Costa Rica"," 2018","","","17.457","82.543"
"Costa Rica"," 2017","","","17.542","82.458"
"Costa Rica"," 2016","51.862","48.138","17.509","82.491"
"Costa Rica"," 2015","52.46","47.54","17.552","82.448"
"Côte d'Ivoire"," 2018","","","54.125","45.875"
"Côte d'Ivoire"," 2017","","","56.262","43.738"
"Côte d'Ivoire"," 2016","","","57.336","42.664"
"Côte d'Ivoire"," 2015","","","58.277","41.723"
"Côte d'Ivoire"," 2014","80.534","19.466","67.459","32.541"
"Côte d'Ivoire"," 2013","","","59.522","40.478"
"Croatia"," 2016","32.502","67.498","7.196","92.804"
"Croatia"," 2015","37.617","62.383","",""
"Croatia"," 2014","37.964","62.036","",""
"Croatia"," 2013","38.432","61.568","",""
"Croatia"," 2012","38.858","61.142","",""
"Croatia"," 2011","39.231","60.769","",""
"Croatia"," 2010","39.792","60.208","",""
"Croatia"," 2009","40.422","59.578","",""
"Croatia"," 2008","40.869","59.131","",""
"Croatia"," 2007","41.326","58.674","",""
"Croatia"," 2006","41.822","58.178","",""
"Croatia"," 2005","42.351","57.649","",""
"Croatia"," 2004","42.504","57.496","",""
"Croatia"," 2003","43.096","56.904","",""
"Croatia"," 2002","43.592","56.408","",""
"Croatia"," 2001","43.992","56.008","",""
"Croatia"," 2000","44.487","55.513","",""
"Cuba"," 2018","","","11.727","88.273"
"Cuba"," 2017","","","11.804","88.196"
"Cuba"," 2016","","","12.202","87.798"
"Cuba"," 2015","","","12.299","87.701"
"Cuba"," 2014","","","13.951","86.049"
"Cuba"," 2013","","","13.336","86.664"
"Cyprus"," 2016","55.322","44.678","19.74","80.26"
"Cyprus"," 2015","62.41","37.59","",""
"Cyprus"," 2014","62.778","37.222","",""
"Cyprus"," 2000","67.167","32.833","",""
"Cyprus"," 1995","69.633","30.367","",""
"Czechia"," 2017","","","2.222","97.778"
"Czechia"," 2016","46.42","53.58","1.526","98.474"
"Czechia"," 2013","45.5","54.5","",""
"Czechia"," 2012","45.614","54.386","",""
"Czechia"," 2011","45.836","54.164","",""
"Czechia"," 2010","46.268","53.732","",""
"Czechia"," 2009","46.489","53.511","",""
"Czechia"," 2008","46.981","53.019","",""
"Czechia"," 2007","47.269","52.731","",""
"Czechia"," 2006","47.556","52.444","",""
"Czechia"," 2005","47.698","52.302","",""
"Czechia"," 2004","47.851","52.149","",""
"Czechia"," 2003","48.217","51.783","",""
"Czechia"," 2002","48.159","51.841","",""
"Czechia"," 2001","48.251","51.749","",""
"Czechia"," 2000","48.454","51.546","",""
"Czechia"," 1999","47.348","52.652","",""
"Czechia"," 1998","47.66","52.34","",""
"Czechia"," 1997","48.573","51.427","",""
"Czechia"," 1996","47.902","52.098","",""
"Czechia"," 1995","48.966","51.034","",""
"Czechia"," 1994","49.04","50.96","",""
"Czechia"," 1993","49.765","50.235","",""
"Czechia"," 1992","48.627","51.373","",""
"Czechia"," 1991","48.874","51.126","",""
"Czechia"," 1990","49.212","50.788","",""
"Czechia"," 1989","49.922","50.078","",""
"Czechia"," 1988","50.322","49.678","",""
"Czechia"," 1987","50.455","49.545","",""
"Czechia"," 1986","50.759","49.241","",""
"Czechia"," 1985","51.011","48.989","",""
"Czechia"," 1984","51.092","48.908","",""
"Czechia"," 1983","51.667","48.333","",""
"Czechia"," 1982","52.437","47.563","",""
"Czechia"," 1981","53.104","46.896","",""
"Czechia"," 1980","53.77","46.23","",""
"Democratic Republic of the Congo"," 2018","","","66.791","33.209"
"Democratic Republic of the Congo"," 2017","","","46.259","53.741"
"Denmark"," 2016","48.93","51.07","5.349","94.651"
"Denmark"," 2015","49.852","50.148","",""
"Denmark"," 2014","50.704","49.296","",""
"Denmark"," 2013","51.471","48.529","",""
"Denmark"," 2012","52.461","47.539","",""
"Denmark"," 2011","53.345","46.655","",""
"Denmark"," 2010","54.427","45.573","",""
"Denmark"," 2009","55.152","44.848","",""
"Denmark"," 2008","55.94","44.06","",""
"Denmark"," 2007","56.619","43.381","",""
"Denmark"," 2006","57.76","42.24","",""
"Denmark"," 2005","58.715","41.285","",""
"Denmark"," 2004","60.013","39.987","",""
"Denmark"," 2003","60.82","39.18","",""
"Denmark"," 2002","61.768","38.232","",""
"Denmark"," 2001","62.824","37.176","",""
"Denmark"," 2000","63.763","36.237","",""
"Denmark"," 1999","64.411","35.589","",""
"Denmark"," 1998","65.405","34.595","",""
"Denmark"," 1997","66.208","33.792","",""
"Denmark"," 1996","67.417","32.583","",""
"Denmark"," 1995","68.414","31.586","",""
"Denmark"," 1994","69.094","30.906","",""
"Denmark"," 1993","69.84","30.16","",""
"Denmark"," 1992","70.193","29.807","",""
"Denmark"," 1991","70.481","29.519","",""
"Denmark"," 1990","71.944","28.056","",""
"Denmark"," 1989","72.538","27.462","",""
"Denmark"," 1988","73.876","26.124","",""
"Denmark"," 1987","74.324","25.676","",""
"Denmark"," 1986","75.164","24.836","",""
"Denmark"," 1985","75.929","24.071","",""
"Denmark"," 1984","76.475","23.525","",""
"Denmark"," 1983","77.495","22.505","",""
"Denmark"," 1982","78.024","21.976","",""
"Denmark"," 1981","79.459","20.541","",""
"Denmark"," 1980","79.874","20.126","",""
"Dominican Republic"," 2018","","","4.513","95.487"
"Dominican Republic"," 2017","","","3.968","96.032"
"Dominican Republic"," 2016","","","3.937","96.063"
"Dominican Republic"," 2015","","","4.252","95.748"
"Dominican Republic"," 2014","","","4.207","95.793"
"Dominican Republic"," 2013","","","4.264","95.736"
"Ecuador"," 2018","","","16.311","83.689"
"Ecuador"," 2017","","","9.525","90.475"
"Ecuador"," 2016","","","7.923","92.077"
"Ecuador"," 2015","50.514","49.486","8.213","91.787"
"Ecuador"," 2014","","","11.184","88.816"
"Ecuador"," 2013","","","14.4","85.6"
"Ecuador"," 2010","53.897","46.103","10.959","89.041"
"Egypt"," 2017","54.274","45.726","8.727","91.273"
"Egypt"," 2016","54.187","45.813","31.187","68.813"
"Egypt"," 2014","40","60","",""
"Egypt"," 2006","","","12.634","87.366"
"El Salvador"," 2018","","","9.098","90.902"
"El Salvador"," 2017","","","8.61","91.39"
"El Salvador"," 2016","50.568","49.432","8.25","91.75"
"El Salvador"," 2015","","","7.895","92.105"
"El Salvador"," 2014","","","7.591","92.409"
"El Salvador"," 2013","","","7.476","92.524"
"El Salvador"," 2007","","","11.856","88.144"
"Eritrea"," 2018","","","43.018","56.982"
"Estonia"," 2017","25.979","74.021","",""
"Estonia"," 2016","25.726","74.274","1.706","98.294"
"Estonia"," 2015","25.423","74.577","",""
"Estonia"," 2014","24.785","75.215","",""
"Estonia"," 2013","24.664","75.336","",""
"Estonia"," 2012","26.022","73.978","",""
"Estonia"," 2011","25.833","74.167","",""
"Estonia"," 2010","25.781","74.219","",""
"Estonia"," 2009","25.914","74.086","",""
"Estonia"," 2008","25.828","74.172","",""
"Estonia"," 2007","25.706","74.294","",""
"Estonia"," 2006","26.692","73.308","",""
"Estonia"," 2005","26.825","73.175","",""
"Estonia"," 2004","26.943","73.057","",""
"Estonia"," 2003","26.982","73.018","",""
"Estonia"," 2002","27.179","72.821","",""
"Estonia"," 2001","26.808","73.192","",""
"Estonia"," 2000","26.927","73.073","",""
"Estonia"," 1999","27.553","72.447","",""
"Estonia"," 1998","26.882","73.118","",""
"Eswatini"," 2018","","","23.502","76.498"
"Eswatini"," 2017","63.01","36.99","22.974","77.026"
"Eswatini"," 2016","","","22.476","77.524"
"Eswatini"," 2015","","","22.158","77.842"
"Eswatini"," 2014","","","21.861","78.139"
"Eswatini"," 2013","","","21.526","78.474"
"Fiji"," 2018","","","10.97","89.03"
"Fiji"," 2007","66.667","33.333","15.789","84.211"
"Finland"," 2016","43.429","56.571","3.162","96.838"
"Finland"," 2015","42.272","57.728","",""
"Finland"," 2014","41.72","58.28","",""
"Finland"," 2013","42.797","57.203","",""
"Finland"," 2012","43.12","56.88","",""
"Finland"," 2011","43.863","56.137","",""
"Finland"," 2010","44.503","55.497","",""
"Finland"," 2009","43.537","56.463","",""
"Finland"," 2008","44.52","55.48","",""
"Finland"," 2007","45.388","54.612","",""
"Finland"," 2006","46.071","53.929","",""
"Finland"," 2005","46.761","53.239","",""
"Finland"," 2004","47.495","52.505","",""
"Finland"," 2003","48.17","51.83","",""
"Finland"," 2002","48.843","51.157","",""
"Finland"," 2001","49.482","50.518","",""
"Finland"," 2000","50.057","49.943","",""
"Finland"," 1999","51.043","48.957","",""
"France"," 2018","54.678","45.322","",""
"France"," 2017","55.524","44.476","",""
"France"," 2016","56.456","43.544","12.449","87.551"
"France"," 2015","57.29","42.71","",""
"France"," 2014","55.2","44.8","13.391","86.609"
"France"," 2013","59.028","40.972","",""
"France"," 2012","59.826","40.174","",""
"France"," 2011","59.948","40.052","12.906","87.094"
"France"," 2010","59.182","40.818","",""
"France"," 2009","59.714","40.286","",""
"France"," 2008","60.265","39.735","",""
"France"," 2007","60.733","39.267","",""
"France"," 2006","57.607","42.393","13.919","86.081"
"France"," 2005","61.553","38.447","",""
"France"," 2004","61.924","38.076","",""
"France"," 2003","62.307","37.693","",""
"France"," 2002","62.794","37.206","",""
"France"," 2001","63.146","36.854","",""
"France"," 2000","63.501","36.499","",""
"France"," 1999","64.021","35.979","",""
"France"," 1998","64.118","35.882","",""
"France"," 1997","64.315","35.685","",""
"France"," 1996","64.824","35.176","",""
"France"," 1995","65.522","34.478","",""
"France"," 1994","66.17","33.83","",""
"France"," 1993","67.5","32.5","",""
"France"," 1992","68.192","31.808","",""
"France"," 1991","68.91","31.09","",""
"France"," 1990","69.674","30.326","",""
"Germany"," 2017","53.356","46.644","14.945","85.055"
"Germany"," 2016","53.755","46.245","14.583","85.417"
"Germany"," 2015","54.287","45.713","14.521","85.479"
"Germany"," 2014","54.787","45.213","14.173","85.827"
"Germany"," 2013","55.338","44.662","",""
"Germany"," 2012","56.13","43.87","",""
"Germany"," 2011","56.758","43.242","",""
"Germany"," 2010","57.543","42.457","",""
"Germany"," 2009","58.455","41.545","",""
"Germany"," 2008","59.237","40.763","",""
"Germany"," 2007","60.127","39.873","",""
"Germany"," 2006","60.885","39.115","",""
"Germany"," 2005","61.691","38.309","",""
"Germany"," 2004","62.254","37.746","",""
"Germany"," 2003","62.748","37.252","",""
"Germany"," 2002","63.081","36.919","",""
"Germany"," 2001","63.53","36.47","",""
"Germany"," 2000","63.989","36.011","",""
"Germany"," 1999","64.417","35.583","",""
"Germany"," 1998","64.758","35.242","",""
"Germany"," 1997","65.11","34.89","",""
"Germany"," 1996","65.142","34.858","",""
"Germany"," 1995","65.431","34.569","",""
"Germany"," 1994","65.774","34.226","",""
"Germany"," 1993","66.322","33.678","",""
"Germany"," 1992","67.066","32.934","",""
"Germany"," 1991","67.468","32.532","",""
"Ghana"," 2018","","","22.645","77.355"
"Ghana"," 2016","","","21.272","78.728"
"Ghana"," 2014","","","20.042","79.958"
"Ghana"," 2013","62.694","37.306","",""
"Greece"," 2017","57.98","42.02","",""
"Greece"," 2016","57.487","42.513","17.716","82.284"
"Greece"," 2015","59.37","40.63","",""
"Greece"," 2014","59.292","40.708","",""
"Greece"," 2013","59.761","40.239","",""
"Greece"," 2012","60.238","39.762","",""
"Greece"," 2011","60.921","39.079","13.487","86.513"
"Greece"," 2010","61.041","38.959","",""
"Greece"," 2009","61.549","38.451","",""
"Greece"," 2008","61.84","38.16","",""
"Greece"," 2007","62.255","37.745","",""
"Greece"," 2006","62.681","37.319","",""
"Greece"," 2005","63.649","36.351","",""
"Greece"," 2004","64.064","35.936","",""
"Greece"," 2003","64.417","35.583","",""
"Greece"," 2002","64.844","35.156","",""
"Greece"," 2001","65.376","34.624","",""
"Greece"," 2000","66.071","33.929","",""
"Greece"," 1999","66.67","33.33","",""
"Greece"," 1998","66.465","33.535","",""
"Greece"," 1997","67.234","32.766","",""
"Greece"," 1996","68.563","31.437","",""
"Greece"," 1995","68.573","31.427","",""
"Grenada"," 2018","","","5.253","94.747"
"Guinea-Bissau"," 2018","","","31.569","68.431"
"Guinea-Bissau"," 2016","","","32.353","67.647"
"Guinea-Bissau"," 2015","","","30.602","69.398"
"Guinea-Bissau"," 2014","","","29.379","70.621"
"Guinea-Bissau"," 2013","","","38.927","61.073"
"Guyana"," 2018","","","3.381","96.619"
"Guyana"," 2017","","","3.331","96.669"
"Guyana"," 2016","","","3.26","96.74"
"Guyana"," 2013","","","4.916","95.084"
"Honduras"," 2018","","","3.267","96.733"
"Honduras"," 2017","","","8.049","91.951"
"Honduras"," 2016","49.549","50.451","8.378","91.622"
"Hungary"," 2017","43.887","56.113","",""
"Hungary"," 2016","44.043","55.957","2.432","97.568"
"Hungary"," 2015","44.122","55.878","",""
"Hungary"," 2014","45.458","54.542","",""
"Hungary"," 2013","45.42","54.58","",""
"Hungary"," 2012","45.589","54.411","",""
"Hungary"," 2011","45.692","54.308","",""
"Hungary"," 2010","45.771","54.229","",""
"Hungary"," 2009","47.529","52.471","",""
"Hungary"," 2008","47.686","52.314","",""
"Hungary"," 2007","47.391","52.609","",""
"Hungary"," 2006","48.801","51.199","",""
"Hungary"," 2005","48.583","51.417","",""
"Hungary"," 2004","48.949","51.051","",""
"Hungary"," 2003","48.589","51.411","",""
"Hungary"," 2002","48.594","51.406","",""
"Hungary"," 2001","49.399","50.601","",""
"Hungary"," 2000","49.904","50.096","",""
"Hungary"," 1999","49.75","50.25","",""
"Hungary"," 1998","49.871","50.129","",""
"Hungary"," 1997","50.041","49.959","",""
"Hungary"," 1996","50.266","49.734","",""
"Hungary"," 1995","50.271","49.729","",""
"Iceland"," 2018","60.379","39.621","2.535","97.465"
"Iceland"," 2017","61.429","38.571","",""
"Iceland"," 2016","63.313","36.687","1.845","98.155"
"Iceland"," 2015","62.61","37.39","",""
"Iceland"," 2014","63.621","36.379","",""
"Iceland"," 2013","64.555","35.445","",""
"Iceland"," 2012","65.324","34.676","",""
"Iceland"," 2011","66.726","33.274","",""
"Iceland"," 2010","67.688","32.312","",""
"Iceland"," 2009","67.9","32.1","",""
"Iceland"," 2008","68.945","31.055","",""
"Iceland"," 2007","71.048","28.952","",""
"Iceland"," 2006","73.059","26.941","",""
"Iceland"," 2005","74.254","25.746","",""
"Iceland"," 2004","74.716","25.284","",""
"Iceland"," 2003","75.645","24.355","",""
"India"," 2018","","","11.942","88.058"
"India"," 2009","","","20.111","79.889"
"India"," 2004","85.761","14.239","5.609","94.391"
"Iran (Islamic Republic of)"," 2017","63.393","36.607","14.08","85.92"
"Iran (Islamic Republic of)"," 2011","","","25.985","74.015"
"Iran (Islamic Republic of)"," 2006","69.479","30.521","28.656","71.344"
"Iraq"," 2018","","","48.159","51.841"
"Iraq"," 2017","","","48.764","51.236"
"Iraq"," 2016","","","53.697","46.303"
"Iraq"," 2015","","","55.962","44.038"
"Iraq"," 2014","","","61.64","38.36"
"Iraq"," 2013","","","62.523","37.477"
"Ireland"," 2018","55.413","44.587","0.979","99.021"
"Ireland"," 2017","56.086","43.914","",""
"Ireland"," 2016","56.602","43.398","9.003","90.997"
"Ireland"," 2015","56.812","43.188","",""
"Ireland"," 2014","57.431","42.569","",""
"Ireland"," 2013","58.733","41.267","",""
"Ireland"," 2012","59.326","40.674","",""
"Ireland"," 2011","60.541","39.459","7.564","92.436"
"Ireland"," 2010","61.174","38.826","",""
"Ireland"," 2009","62.131","37.869","",""
"Ireland"," 2008","63.018","36.982","",""
"Ireland"," 2007","63.573","36.427","",""
"Ireland"," 2006","64.388","35.612","11.524","88.476"
"Ireland"," 2004","63.405","36.595","",""
"Ireland"," 2003","63.184","36.816","",""
"Ireland"," 2002","62.971","37.029","",""
"Ireland"," 2001","63.408","36.592","",""
"Ireland"," 2000","63.475","36.525","",""
"Ireland"," 1999","64.329","35.671","",""
"Ireland"," 1998","65.391","34.609","",""
"Ireland"," 1997","66.235","33.765","",""
"Ireland"," 1996","66.767","33.233","",""
"Israel"," 2018","58.449","41.551","14.821","85.179"
"Israel"," 2017","58.413","41.587","14.267","85.733"
"Israel"," 2016","58.371","41.629","12.076","87.924"
"Israel"," 2015","58.464","41.536","",""
"Israel"," 2014","58.598","41.402","",""
"Israel"," 2013","58.689","41.311","",""
"Israel"," 2012","58.749","41.251","",""
"Israel"," 2011","58.805","41.195","",""
"Israel"," 2010","58.934","41.066","",""
"Israel"," 2009","59.052","40.948","",""
"Israel"," 2008","59.185","40.815","",""
"Israel"," 2007","59.287","40.713","",""
"Israel"," 2006","59.452","40.548","",""
"Israel"," 2005","59.708","40.292","",""
"Israel"," 2004","59.864","40.136","",""
"Israel"," 2003","60.108","39.892","",""
"Israel"," 2002","60.425","39.575","",""
"Israel"," 2001","60.733","39.267","",""
"Israel"," 2000","61.253","38.747","",""
"Israel"," 1999","61.397","38.603","",""
"Israel"," 1998","61.753","38.247","",""
"Israel"," 1997","62.166","37.834","",""
"Israel"," 1996","62.647","37.353","",""
"Israel"," 1995","63.086","36.914","",""
"Israel"," 1994","63.388","36.612","",""
"Israel"," 1993","63.978","36.022","",""
"Israel"," 1992","64.747","35.253","",""
"Israel"," 1991","67.458","32.542","",""
"Israel"," 1990","68.729","31.271","",""
"Israel"," 1989","69.209","30.791","",""
"Israel"," 1988","69.316","30.684","",""
"Israel"," 1987","69.275","30.725","",""
"Israel"," 1986","69.44","30.56","",""
"Israel"," 1985","69.489","30.511","",""
"Israel"," 1984","69.74","30.26","",""
"Israel"," 1983","69.736","30.264","",""
"Israel"," 1982","69.782","30.218","",""
"Israel"," 1981","69.801","30.199","",""
"Israel"," 1980","69.806","30.194","",""
"Italy"," 2018","57.24","42.76","",""
"Italy"," 2017","57.676","42.324","",""
"Italy"," 2016","58.547","41.453","",""
"Italy"," 2015","59.263","40.737","",""
"Italy"," 2014","59.711","40.289","",""
"Italy"," 2013","60.233","39.767","",""
"Italy"," 2012","60.63","39.37","",""
"Italy"," 2011","61.869","38.131","",""
"Italy"," 2010","62.762","37.238","",""
"Italy"," 2009","63.346","36.654","",""
"Italy"," 2008","63.92","36.08","",""
"Italy"," 2007","64.004","35.996","",""
"Italy"," 2006","65.299","34.701","",""
"Italy"," 2005","65.993","34.007","",""
"Italy"," 2004","66.908","33.092","",""
"Italy"," 2003","67.594","32.406","",""
"Italy"," 2002","68.372","31.628","",""
"Italy"," 2001","69.049","30.951","",""
"Italy"," 2000","69.814","30.186","",""
"Italy"," 1999","70.437","29.563","",""
"Italy"," 1998","70.947","29.053","",""
"Italy"," 1997","71.487","28.513","",""
"Italy"," 1996","71.992","28.008","",""
"Italy"," 1995","72.584","27.416","",""
"Jamaica"," 2018","","","2.069","97.931"
"Jamaica"," 2017","","","2.961","97.039"
"Jamaica"," 2016","","","3.059","96.941"
"Japan"," 2018","","","7.505","92.495"
"Japan"," 2016","78.981","21.019","7.053","92.947"
"Japan"," 2014","79.695","20.305","5.306","94.694"
"Japan"," 2012","80.449","19.551","",""
"Japan"," 2010","81.16","18.84","",""
"Japan"," 2008","81.985","18.015","",""
"Japan"," 2006","82.878","17.122","",""
"Jordan"," 2018","","","39.674","60.326"
"Kenya"," 2018","","","24.132","75.868"
"Kenya"," 2017","","","23.551","76.449"
"Kenya"," 2016","","","23.081","76.919"
"Kenya"," 2015","","","22.544","77.456"
"Kenya"," 2014","","","22.357","77.643"
"Kenya"," 2013","","","22.138","77.862"
"Kiribati"," 2018","","","13.739","86.261"
"Kyrgyzstan"," 2013","35.476","64.524","",""
"Kyrgyzstan"," 2012","34.856","65.144","",""
"Kyrgyzstan"," 2011","34.731","65.269","",""
"Kyrgyzstan"," 2010","35.79","64.21","",""
"Kyrgyzstan"," 2009","35.73","64.27","",""
"Kyrgyzstan"," 2008","35.87","64.13","",""
"Kyrgyzstan"," 2007","35.861","64.139","",""
"Kyrgyzstan"," 2006","35.652","64.348","",""
"Kyrgyzstan"," 2005","35.669","64.331","",""
"Kyrgyzstan"," 2004","35.994","64.006","",""
"Kyrgyzstan"," 2003","35.56","64.44","",""
"Kyrgyzstan"," 2002","36.052","63.948","",""
"Kyrgyzstan"," 2001","36.729","63.271","",""
"Kyrgyzstan"," 2000","37.227","62.773","",""
"Kyrgyzstan"," 1996","58.404","41.596","",""
"Kyrgyzstan"," 1992","37.349","62.651","",""
"Lao People's Democratic Republic"," 2018","","","25.205","74.795"
"Lao People's Democratic Republic"," 2017","","","25.031","74.969"
"Lao People's Democratic Republic"," 2016","","","27.147","72.853"
"Lao People's Democratic Republic"," 2015","","","27.136","72.864"
"Lao People's Democratic Republic"," 2014","","","27.41","72.59"
"Lao People's Democratic Republic"," 2013","","","29.899","70.101"
"Lao People's Democratic Republic"," 2010","73.955","26.045","",""
"Latvia"," 2017","25.735","74.265","",""
"Latvia"," 2016","25.782","74.218","0","100"
"Latvia"," 2015","25.585","74.415","",""
"Latvia"," 2014","25.749","74.251","",""
"Latvia"," 2013","25.689","74.311","",""
"Latvia"," 2012","25.563","74.437","",""
"Latvia"," 2011","25.728","74.272","",""
"Latvia"," 2010","26.055","73.945","",""
"Latvia"," 2009","26.61","73.39","",""
"Latvia"," 2008","26.776","73.224","",""
"Latvia"," 2007","27.053","72.947","",""
"Latvia"," 2006","27.058","72.942","",""
"Latvia"," 2005","27.188","72.812","",""
"Lebanon"," 2018","","","20.862","79.138"
"Lebanon"," 2017","","","20.82","79.18"
"Lebanon"," 2016","","","20.458","79.542"
"Lebanon"," 2015","","","19.883","80.117"
"Lebanon"," 2014","75","25","19.586","80.414"
"Lebanon"," 2013","","","19.367","80.633"
"Liberia"," 2018","","","32.371","67.629"
"Lithuania"," 2017","30.639","69.361","",""
"Lithuania"," 2016","30.268","69.732","0.231","99.769"
"Lithuania"," 2015","30.282","69.718","",""
"Lithuania"," 2014","30.311","69.689","",""
"Lithuania"," 2013","30.361","69.639","",""
"Lithuania"," 2012","30.468","69.532","",""
"Lithuania"," 2011","30.57","69.43","",""
"Lithuania"," 2010","29.933","70.067","",""
"Lithuania"," 2009","30.156","69.844","",""
"Lithuania"," 2008","30.165","69.835","",""
"Lithuania"," 2007","30.243","69.757","",""
"Lithuania"," 2006","30.733","69.267","",""
"Lithuania"," 2005","30.655","69.345","",""
"Lithuania"," 2004","30.456","69.544","",""
"Lithuania"," 2003","30.322","69.678","",""
"Lithuania"," 2002","30.321","69.679","",""
"Lithuania"," 2001","30.233","69.767","",""
"Luxembourg"," 2017","64.346","35.654","",""
"Luxembourg"," 2016","65.478","34.522","28.511","71.489"
"Luxembourg"," 2015","65.963","34.037","",""
"Luxembourg"," 2014","66.313","33.687","",""
"Luxembourg"," 2013","67.729","32.271","",""
"Luxembourg"," 2012","68.905","31.095","",""
"Luxembourg"," 2011","69.632","30.368","",""
"Luxembourg"," 2010","70.418","29.582","",""
"Luxembourg"," 2009","71.882","28.118","",""
"Luxembourg"," 2008","72.06","27.94","",""
"Luxembourg"," 2007","71.704","28.296","",""
"Luxembourg"," 2006","72.778","27.222","",""
"Luxembourg"," 2005","73.953","26.047","",""
"Madagascar"," 2018","","","58.873","41.127"
"Madagascar"," 2013","70.839","29.161","",""
"Malawi"," 2018","","","23.458","76.542"
"Malawi"," 2008","","","15.289","84.711"
"Malaysia"," 2017","","","4.723","95.277"
"Malaysia"," 2016","","","4.582","95.418"
"Malaysia"," 2015","","","4.256","95.744"
"Malaysia"," 2014","","","3.693","96.307"
"Malaysia"," 2013","","","3.195","96.805"
"Maldives"," 2018","69.921","30.079","13.374","86.626"
"Maldives"," 2017","70.012","29.988","6.269","93.731"
"Mali"," 2018","88.756","11.244","56.842","43.158"
"Mali"," 2009","75.827","24.173","39.908","60.092"
"Malta"," 2015","60.024","39.976","",""
"Malta"," 2014","61.43","38.57","",""
"Malta"," 2013","62.526","37.474","",""
"Malta"," 2012","63.505","36.495","",""
"Malta"," 2011","63.361","36.639","",""
"Malta"," 2010","64.582","35.418","",""
"Malta"," 2009","67.462","32.538","",""
"Malta"," 2008","71.689","28.311","",""
"Malta"," 2003","78.389","21.611","",""
"Malta"," 2002","78.341","21.659","",""
"Marshall Islands"," 2018","","","31.795","68.205"
"Mauritius"," 2011","71.663","28.337","39.387","60.613"
"Mexico"," 2018","","","14.477","85.523"
"Mexico"," 2017","56.073","43.927","13.84","86.16"
"Mexico"," 2016","55.926","44.074","13.171","86.829"
"Mexico"," 2015","56.22","43.78","12.287","87.713"
"Mexico"," 2014","","","11.754","88.246"
"Mexico"," 2010","62.77","37.23","10.587","89.413"
"Micronesia (Federated States of)"," 2018","","","10","90"
"Monaco"," 2014","66.8","33.2","",""
"Monaco"," 2013","66.8","33.2","",""
"Monaco"," 2012","66.535","33.465","",""
"Monaco"," 2011","65.2","34.8","",""
"Mongolia"," 2018","","","3.354","96.646"
"Mongolia"," 2017","","","6.546","93.454"
"Mongolia"," 2016","19.304","80.696","3.221","96.779"
"Mongolia"," 2015","","","2.791","97.209"
"Mongolia"," 2014","","","2.849","97.151"
"Mongolia"," 2013","","","3.153","96.847"
"Montenegro"," 2018","35.78","64.22","14.967","85.033"
"Montenegro"," 2015","36.711","63.289","",""
"Montenegro"," 2014","38.029","61.971","",""
"Montenegro"," 2013","38.131","61.869","",""
"Montenegro"," 2012","38.245","61.755","",""
"Montenegro"," 2011","38.125","61.875","",""
"Montenegro"," 2010","38.401","61.599","",""
"Montenegro"," 2009","39.313","60.687","",""
"Montenegro"," 2008","40.244","59.756","",""
"Montenegro"," 2007","40.633","59.367","",""
"Montenegro"," 2006","41.592","58.408","",""
"Montenegro"," 2005","42.062","57.938","",""
"Montenegro"," 2004","41.394","58.606","",""
"Montenegro"," 2003","41.264","58.736","",""
"Montenegro"," 2002","42.367","57.633","",""
"Montenegro"," 2001","43.393","56.607","",""
"Montenegro"," 2000","43.599","56.401","",""
"Montenegro"," 1999","43.783","56.217","",""
"Morocco"," 2014","40.008","59.992","",""
"Mozambique"," 2018","","","30.429","69.571"
"Mozambique"," 2017","52.064","47.936","51.777","48.223"
"Mozambique"," 2016","","","31.934","68.066"
"Mozambique"," 2015","","","31.146","68.854"
"Mozambique"," 2014","","","32.627","67.373"
"Mozambique"," 2013","","","31.62","68.38"
"Mozambique"," 2007","","","49.136","50.864"
"Myanmar"," 2018","43.217","56.783","3.95","96.05"
"Myanmar"," 2017","42.546","57.454","2.971","97.029"
"Nauru"," 2018","","","3.571","96.429"
"Nepal"," 2017","68.413","31.587","11.757","88.243"
"Netherlands"," 2017","45.558","54.442","",""
"Netherlands"," 2016","46.408","53.592","15.36","84.64"
"Netherlands"," 2015","47.298","52.702","",""
"Netherlands"," 2014","48.271","51.729","",""
"Netherlands"," 2013","49.462","50.538","",""
"Netherlands"," 2012","50.551","49.449","",""
"Netherlands"," 2011","52.018","47.982","",""
"Netherlands"," 2010","53.948","46.052","",""
"Netherlands"," 2009","54.92","45.08","",""
"Netherlands"," 2008","56.099","43.901","",""
"Netherlands"," 2007","57.704","42.296","",""
"Netherlands"," 2006","59.156","40.844","",""
"Netherlands"," 2005","59.942","40.058","",""
"Netherlands"," 2004","60.868","39.132","",""
"Netherlands"," 2003","61.945","38.055","",""
"Netherlands"," 2002","62.767","37.233","",""
"Netherlands"," 2001","63.662","36.338","",""
"Netherlands"," 2000","64.705","35.295","",""
"Netherlands"," 1999","65.681","34.319","",""
"Netherlands"," 1998","66.3","33.7","",""
"Netherlands"," 1990","75.655","24.345","",""
"Netherlands"," 1989","74.738","25.262","",""
"Netherlands"," 1988","74.944","25.056","",""
"Netherlands"," 1987","75.64","24.36","",""
"Netherlands"," 1986","76.31","23.69","",""
"Netherlands"," 1985","76.945","23.055","",""
"Netherlands"," 1984","77.483","22.517","",""
"Netherlands"," 1983","77.981","22.019","",""
"Netherlands"," 1982","78.547","21.453","",""
"Netherlands"," 1981","79.153","20.847","",""
"Netherlands"," 1980","79.642","20.358","",""
"New Zealand"," 2018","54.349","45.651","9.254","90.746"
"New Zealand"," 2017","55.068","44.932","9.148","90.852"
"New Zealand"," 2016","55.544","44.456","8.837","91.163"
"New Zealand"," 2015","56.088","43.912","8.593","91.407"
"New Zealand"," 2014","56.793","43.207","8.249","91.751"
"New Zealand"," 2013","57.571","42.429","7.946","92.054"
"New Zealand"," 2012","58.074","41.926","",""
"New Zealand"," 2011","58.571","41.429","",""
"New Zealand"," 2010","59.158","40.842","",""
"New Zealand"," 2009","59.897","40.103","",""
"New Zealand"," 2008","60.45","39.55","",""
"New Zealand"," 2007","61.536","38.464","",""
"New Zealand"," 2006","62.293","37.707","",""
"New Zealand"," 2005","62.882","37.118","",""
"Nicaragua"," 2014","46.57","53.43","2.86","97.14"
"Niger"," 2016","58.667","41.333","35.588","64.412"
"Niger"," 2015","66.102","33.898","34.061","65.939"
"Niger"," 2014","75.335","24.665","36.802","63.198"
"Niger"," 2013","66.173","33.827","34.327","65.673"
"Nigeria"," 2018","","","12.77","87.23"
"Nigeria"," 2013","","","23.34","76.66"
"Nigeria"," 2010","","","11.591","88.409"
"Nigeria"," 2009","","","45.252","54.748"
"Nigeria"," 2008","73.257","26.743","10.478","89.522"
"Niue"," 2018","","","27.778","72.222"
"Norway"," 2018","50.063","49.937","",""
"Norway"," 2017","50.897","49.103","",""
"Norway"," 2016","51.653","48.347","10.874","89.126"
"Norway"," 2015","52.425","47.575","",""
"Norway"," 2014","54.048","45.952","",""
"Norway"," 2013","55.18","44.82","",""
"Norway"," 2012","56.055","43.945","",""
"Norway"," 2011","56.922","43.078","",""
"Norway"," 2010","57.716","42.284","",""
"Norway"," 2009","58.616","41.384","",""
"Norway"," 2008","59.54","40.46","",""
"Norway"," 2007","60.765","39.235","",""
"Norway"," 2006","61.629","38.371","",""
"Norway"," 2005","63.924","36.076","",""
"Norway"," 2004","65.162","34.838","",""
"Norway"," 2003","66.013","33.987","",""
"Norway"," 2002","66.55","33.45","",""
"occupied Palestinian territory, including east Jerusalem"," 2018","84.103","15.897","",""
"occupied Palestinian territory, including east Jerusalem"," 2014","50","50","",""
"Oman"," 2018","53.743","46.257","11.814","88.186"
"Oman"," 2017","56.065","43.935","13.224","86.776"
"Oman"," 2016","59.098","40.902","13.19","86.81"
"Oman"," 2015","57.297","42.703","12.042","87.958"
"Pakistan"," 2018","","","18.551","81.449"
"Palau"," 2018","","","14.414","85.586"
"Panama"," 2017","","","9.514","90.486"
"Panama"," 2016","","","8.559","91.441"
"Panama"," 2015","","","8.07","91.93"
"Panama"," 2014","","","7.697","92.303"
"Panama"," 2013","","","7.309","92.691"
"Panama"," 2010","56.541","43.459","12.104","87.896"
"Papua New Guinea"," 2018","68.981","31.019","24.991","75.009"
"Paraguay"," 2018","","","17.202","82.798"
"Paraguay"," 2017","","","17.901","82.099"
"Paraguay"," 2016","","","17.722","82.278"
"Paraguay"," 2015","","","17.424","82.576"
"Paraguay"," 2014","","","16.987","83.013"
"Paraguay"," 2013","","","16.699","83.301"
"Peru"," 2018","","","17.671","82.329"
"Peru"," 2017","","","16.929","83.071"
"Peru"," 2016","","","17.161","82.839"
"Peru"," 2015","","","16.874","83.126"
"Peru"," 2014","","","16.843","83.157"
"Peru"," 2013","","","15.52","84.48"
"Peru"," 2007","54.759","45.241","15.232","84.768"
"Philippines"," 2018","","","70.292","29.708"
"Philippines"," 2017","","","70.416","29.584"
"Philippines"," 2016","","","70.152","29.848"
"Philippines"," 2015","","","69.823","30.177"
"Philippines"," 2014","","","69.618","30.382"
"Philippines"," 2013","","","69.793","30.207"
"Philippines"," 2010","","","22.593","77.407"
"Poland"," 2018","","","2.27","97.73"
"Poland"," 2017","43.159","56.841","",""
"Poland"," 2016","42.852","57.148","",""
"Poland"," 2015","43.075","56.925","",""
"Poland"," 2014","43.497","56.503","",""
"Poland"," 2013","43.508","56.492","",""
"Poland"," 2012","44.313","55.687","",""
"Poland"," 2011","43.62","56.38","",""
"Poland"," 2010","43.353","56.647","",""
"Poland"," 2009","44.413","55.587","",""
"Poland"," 2008","44.272","55.728","",""
"Poland"," 2007","44.334","55.666","",""
"Poland"," 2006","44.617","55.383","",""
"Poland"," 2005","45.74","54.26","",""
"Poland"," 2004","46.211","53.789","",""
"Poland"," 2003","49.177","50.823","",""
"Poland"," 2002","45.977","54.023","",""
"Poland"," 2001","46.097","53.903","",""
"Poland"," 2000","45.819","54.181","",""
"Poland"," 1999","45.862","54.138","",""
"Poland"," 1998","45.336","54.664","",""
"Poland"," 1997","45.096","54.904","",""
"Portugal"," 2017","44.89","55.11","",""
"Portugal"," 2016","45.395","54.605","22.093","77.907"
"Portugal"," 2015","45.949","54.051","",""
"Portugal"," 2014","46.605","53.395","",""
"Portugal"," 2013","47.317","52.683","",""
"Portugal"," 2012","47.935","52.065","",""
"Portugal"," 2011","48.659","51.341","17.87","82.13"
"Portugal"," 2010","49.309","50.691","",""
"Portugal"," 2009","49.953","50.047","",""
"Portugal"," 2008","50.461","49.539","",""
"Portugal"," 2007","51.072","48.928","",""
"Portugal"," 2006","51.799","48.201","",""
"Portugal"," 2005","52.238","47.762","",""
"Portugal"," 2004","52.595","47.405","",""
"Portugal"," 2003","53.049","46.951","",""
"Portugal"," 2002","53.552","46.448","",""
"Portugal"," 2001","53.887","46.113","",""
"Portugal"," 2000","54.425","45.575","",""
"Portugal"," 1999","55.109","44.891","",""
"Portugal"," 1998","55.662","44.338","",""
"Portugal"," 1997","56.187","43.813","",""
"Portugal"," 1996","56.742","43.258","",""
"Portugal"," 1995","57.319","42.681","",""
"Portugal"," 1994","57.818","42.182","",""
"Portugal"," 1993","58.308","41.692","",""
"Portugal"," 1992","58.747","41.253","",""
"Portugal"," 1991","59.119","40.881","",""
"Portugal"," 1990","59.607","40.393","",""
"Portugal"," 1989","60.12","39.88","",""
"Portugal"," 1988","60.814","39.186","",""
"Portugal"," 1987","61.663","38.337","",""
"Portugal"," 1986","62.536","37.464","",""
"Portugal"," 1985","63.064","36.936","",""
"Portugal"," 1984","64.013","35.987","",""
"Portugal"," 1983","65.023","34.977","",""
"Portugal"," 1982","66.024","33.976","",""
"Portugal"," 1981","67.255","32.745","",""
"Portugal"," 1980","68.584","31.416","",""
"Qatar"," 2018","66.888","33.112","24.861","75.139"
"Republic of Korea"," 2017","76.663","23.337","",""
"Republic of Korea"," 2016","77.299","22.701","",""
"Republic of Korea"," 2015","77.707","22.293","",""
"Republic of Korea"," 2014","78.067","21.933","",""
"Republic of Korea"," 2013","78.439","21.561","",""
"Republic of Korea"," 2012","79.07","20.93","",""
"Republic of Korea"," 2011","79.307","20.693","",""
"Republic of Korea"," 2010","79.574","20.426","",""
"Republic of Korea"," 2009","80.098","19.902","",""
"Republic of Korea"," 2008","80.72","19.28","",""
"North Macedonia"," 2013","39.68","60.32","",""
"North Macedonia"," 2012","40.243","59.757","",""
"North Macedonia"," 2011","40.963","59.037","",""
"North Macedonia"," 2010","40.661","59.339","",""
"North Macedonia"," 2009","40.604","59.396","",""
"North Macedonia"," 2008","40.194","59.806","",""
"North Macedonia"," 2007","40.479","59.521","",""
"North Macedonia"," 2006","51.976","48.024","",""
"North Macedonia"," 2005","41.598","58.402","",""
"North Macedonia"," 2004","41.581","58.419","",""
"North Macedonia"," 2003","41.389","58.611","",""
"North Macedonia"," 2002","41.701","58.299","",""
"North Macedonia"," 2001","42.498","57.502","",""
"North Macedonia"," 2000","43.883","56.117","",""
"North Macedonia"," 1999","44.572","55.428","",""
"North Macedonia"," 1998","45.142","54.858","",""
"North Macedonia"," 1997","46.048","53.952","",""
"North Macedonia"," 1996","46.371","53.629","",""
"North Macedonia"," 1995","47.542","52.458","",""
"Romania"," 2016","33.089","66.911","10.577","89.423"
"Romania"," 2013","31.186","68.814","",""
"Romania"," 2012","31.309","68.691","",""
"Romania"," 2011","31.031","68.969","8.597","91.403"
"Romania"," 2010","30.921","69.079","",""
"Romania"," 2009","30.6","69.4","",""
"Romania"," 2008","30.577","69.423","",""
"Romania"," 2007","30.905","69.095","",""
"Romania"," 2006","32.278","67.722","",""
"Romania"," 2005","31.326","68.674","",""
"Romania"," 2004","33.298","66.702","",""
"Russian Federation"," 2015","29.509","70.491","",""
"Russian Federation"," 2014","29.837","70.163","",""
"Russian Federation"," 2013","29.673","70.327","",""
"Russian Federation"," 2012","29.73","70.27","",""
"Rwanda"," 2017","80.947","19.053","",""
"Rwanda"," 2013","82.43","17.57","",""
"Saint Vincent and the Grenadines"," 2018","","","4.627","95.373"
"Saint Vincent and the Grenadines"," 2017","","","4.7","95.3"
"Saint Vincent and the Grenadines"," 2016","","","4.787","95.213"
"Saint Vincent and the Grenadines"," 2015","","","4.177","95.823"
"Saint Vincent and the Grenadines"," 2014","","","4.509","95.491"
"Samoa"," 2018","","","15.779","84.221"
"Samoa"," 2012","66.667","33.333","",""
"Sao Tome and Principe"," 2018","","","27.094","72.906"
"Saudi Arabia"," 2018","67.399","32.601","20.898","79.102"
"Senegal"," 2015","49.647","50.353","",""
"Senegal"," 2013","74.795","25.205","45.658","54.342"
"Serbia"," 2016","34.198","65.802","",""
"Serbia"," 2015","34.766","65.234","",""
"Serbia"," 2014","35.073","64.927","",""
"Serbia"," 2013","35.163","64.837","",""
"Serbia"," 2012","35.389","64.611","",""
"Serbia"," 2011","35.485","64.515","",""
"Serbia"," 2010","35.826","64.174","",""
"Serbia"," 2009","35.868","64.132","",""
"Serbia"," 2008","35.995","64.005","",""
"Serbia"," 2007","36.167","63.833","",""
"Serbia"," 2006","36.32","63.68","",""
"Serbia"," 2005","36.549","63.451","",""
"Serbia"," 2004","36.97","63.03","",""
"Serbia"," 2003","38.085","61.915","",""
"Seychelles"," 2016","","","6.579","93.421"
"Sierra Leone"," 2016","","","15.205","84.795"
"Singapore"," 2017","","","10.774","89.226"
"Singapore"," 2016","","","10.563","89.437"
"Singapore"," 2015","","","9.927","90.073"
"Singapore"," 2014","","","9.336","90.664"
"Singapore"," 2013","","","9.018","90.982"
"Slovakia"," 2017","42.24","57.76","",""
"Slovakia"," 2016","42.573","57.427","14.722","85.278"
"Slovakia"," 2015","42.524","57.476","",""
"Slovakia"," 2014","42.748","57.252","",""
"Slovakia"," 2013","43.203","56.797","",""
"Slovakia"," 2012","43.088","56.912","",""
"Slovakia"," 2011","43.728","56.272","",""
"Slovakia"," 2010","44.186","55.814","",""
"Slovakia"," 2009","44.651","55.349","",""
"Slovakia"," 2008","45.196","54.804","",""
"Slovakia"," 2007","45.496","54.504","",""
"Slovakia"," 2006","45.915","54.085","",""
"Slovakia"," 2005","45.741","54.259","",""
"Slovakia"," 2004","43.365","56.635","",""
"Slovakia"," 2003","43.096","56.904","",""
"Slovakia"," 2002","43.257","56.743","",""
"Slovakia"," 2001","43.802","56.198","",""
"Slovakia"," 2000","43.931","56.069","",""
"Slovakia"," 1999","44.257","55.743","",""
"Slovenia"," 2017","37.001","62.999","",""
"Slovenia"," 2016","37.227","62.773","",""
"Slovenia"," 2015","37.616","62.384","",""
"Slovenia"," 2014","38.428","61.572","",""
"Slovenia"," 2013","38.368","61.632","",""
"Slovenia"," 2012","39.365","60.635","",""
"Slovenia"," 2011","40.519","59.481","",""
"Slovenia"," 2010","40.751","59.249","",""
"Slovenia"," 2009","41.241","58.759","",""
"Slovenia"," 2008","41.656","58.344","",""
"Slovenia"," 2007","41.795","58.205","",""
"Slovenia"," 2006","42.595","57.405","",""
"Slovenia"," 2005","42.903","57.097","",""
"Solomon Islands"," 2018","","","40","60"
"Somalia"," 2014","78.466","21.534","",""
"South Africa"," 2017","42.227","57.773","",""
"South Africa"," 2015","","","9.124","90.876"
"South Africa"," 2013","","","8.707","91.293"
"South Africa"," 2012","","","8.464","91.536"
"South Africa"," 2011","","","7.601","92.399"
"South Africa"," 2010","","","8.012","91.988"
"South Africa"," 2009","","","7.716","92.284"
"South Africa"," 2008","","","7.485","92.515"
"South Africa"," 2007","","","7.292","92.708"
"South Africa"," 2006","","","7.023","92.977"
"South Africa"," 2005","","","6.773","93.227"
"South Africa"," 2004","","","6.574","93.426"
"South Africa"," 2003","","","6.385","93.615"
"South Africa"," 2002","","","6.203","93.797"
"South Africa"," 2001","","","6.158","93.842"
"South Africa"," 2000","","","6.118","93.882"
"South Africa"," 1999","","","6.111","93.889"
"Spain"," 2017","44.713","55.287","",""
"Spain"," 2016","45.724","54.276","16.376","83.624"
"Spain"," 2015","47.443","52.557","",""
"Spain"," 2014","48.453","51.547","",""
"Spain"," 2013","49.794","50.206","",""
"Spain"," 2012","49.711","50.289","",""
"Spain"," 2011","49.461","50.539","",""
"Spain"," 2010","49.819","50.181","",""
"Spain"," 2009","50.799","49.201","",""
"Spain"," 2008","51.831","48.169","",""
"Spain"," 2007","53.033","46.967","",""
"Spain"," 2006","54.722","45.278","",""
"Spain"," 2005","55.611","44.389","",""
"Spain"," 2004","55.22","44.78","",""
"Spain"," 2003","55.441","44.559","",""
"Spain"," 2002","58.329","41.671","",""
"Spain"," 2001","60.864","39.136","",""
"Spain"," 2000","63.182","36.818","",""
"Spain"," 1999","63.474","36.526","",""
"Spain"," 1998","63.227","36.773","",""
"Spain"," 1997","63.001","36.999","",""
"Spain"," 1996","63.747","36.253","",""
"Spain"," 1990","71.357","28.643","",""
"Spain"," 1985","78.78","21.22","",""
"Spain"," 1980","81.713","18.287","",""
"Sri Lanka"," 2018","44.737","55.263","5","95"
"Suriname"," 2018","","","18.262","81.738"
"Suriname"," 2014","","","12.643","87.357"
"Suriname"," 2013","","","9.091","90.909"
"Sweden"," 2017","","","11.59","88.41"
"Sweden"," 2016","52.025","47.975","11.526","88.474"
"Sweden"," 2015","51.723","48.277","",""
"Sweden"," 2014","52.375","47.625","",""
"Sweden"," 2013","52.914","47.086","",""
"Sweden"," 2012","53.305","46.695","",""
"Sweden"," 2011","53.862","46.138","",""
"Sweden"," 2010","54.416","45.584","",""
"Sweden"," 2009","54.993","45.007","",""
"Sweden"," 2008","55.459","44.541","",""
"Sweden"," 2007","56.292","43.708","",""
"Sweden"," 2006","56.854","43.146","",""
"Sweden"," 2005","57.62","42.38","",""
"Sweden"," 2004","58.419","41.581","",""
"Sweden"," 2003","58.726","41.274","",""
"Sweden"," 2002","59.357","40.643","",""
"Sweden"," 2001","59.711","40.289","",""
"Sweden"," 2000","60.332","39.668","",""
"Sweden"," 1999","60.809","39.191","",""
"Sweden"," 1998","61.498","38.502","",""
"Sweden"," 1997","62.034","37.966","",""
"Sweden"," 1996","62.825","37.175","",""
"Sweden"," 1995","63.505","36.495","",""
"Switzerland"," 2017","57.835","42.165","",""
"Switzerland"," 2016","58.491","41.509","1.403","98.597"
"Switzerland"," 2015","59.438","40.562","",""
"Switzerland"," 2014","60.284","39.716","",""
"Switzerland"," 2013","61.271","38.729","",""
"Switzerland"," 2012","62.265","37.735","",""
"Switzerland"," 2011","63.158","36.842","",""
"Switzerland"," 2010","64.037","35.963","",""
"Switzerland"," 2009","64.491","35.509","",""
"Switzerland"," 2008","65.284","34.716","",""
"Switzerland"," 2007","65.854","34.146","",""
"Switzerland"," 2006","66.418","33.582","",""
"Switzerland"," 2005","67.126","32.874","",""
"Switzerland"," 2004","67.796","32.204","",""
"Switzerland"," 2003","68.245","31.755","",""
"Switzerland"," 2002","69.345","30.655","",""
"Switzerland"," 2001","70.25","29.75","",""
"Switzerland"," 2000","70.88","29.12","",""
"Switzerland"," 1996","73.698","26.302","",""
"Tajikistan"," 2014","60.829","39.171","",""
"Thailand"," 2018","55.257","44.743","5.188","94.812"
"Thailand"," 2017","51.831","48.169","5.08","94.92"
"Thailand"," 2016","57.646","42.354","",""
"Timor-Leste"," 2018","51.419","48.581","62.659","37.341"
"Timor-Leste"," 2017","51.233","48.767","63.481","36.519"
"Timor-Leste"," 2013","39.42","60.58","",""
"Togo"," 2018","","","78.59","21.41"
"Tonga"," 2018","","","19.048","80.952"
"Tunisia"," 2014","49.974","50.026","",""
"Turkey"," 2017","62.522","37.478","15.637","84.363"
"Turkey"," 2016","62.522","37.478","",""
"Turkey"," 2015","62.948","37.052","",""
"Turkey"," 2014","63.429","36.571","",""
"Turkey"," 2013","63.818","36.182","",""
"Turkey"," 2012","64.165","35.835","",""
"Turkey"," 2011","64.439","35.561","",""
"Turkey"," 2010","64.607","35.393","",""
"Turkey"," 2009","64.856","35.144","",""
"Turkey"," 2008","65.221","34.779","",""
"Turkey"," 2007","65.525","34.475","",""
"Turkey"," 2006","66.002","33.998","",""
"Turkey"," 2005","66.32","33.68","",""
"Turkey"," 2004","66.607","33.393","",""
"Turkey"," 2003","66.863","33.137","",""
"Turkey"," 2002","67.21","32.79","",""
"Turkey"," 2001","67.514","32.486","",""
"Turkey"," 2000","67.982","32.018","",""
"Turkey"," 1999","68.61","31.39","",""
"Turkey"," 1998","69.231","30.769","",""
"Turkey"," 1997","69.955","30.045","",""
"Turkey"," 1996","70.795","29.205","",""
"Turkey"," 1995","71.473","28.527","",""
"Turkey"," 1994","72.158","27.842","",""
"Turkey"," 1993","72.749","27.251","",""
"Turkey"," 1992","73.305","26.695","",""
"Turkey"," 1991","73.65","26.35","",""
"Turkey"," 1990","74.247","25.753","",""
"Turkey"," 1989","75.002","24.998","",""
"Turkey"," 1988","75.987","24.013","",""
"Turkey"," 1987","76.577","23.423","",""
"Turkey"," 1986","77.162","22.838","",""
"Turkey"," 1985","77.511","22.489","",""
"Turkey"," 1984","78.067","21.933","",""
"Turkey"," 1983","78.595","21.405","",""
"Turkey"," 1982","79.148","20.852","",""
"Turkey"," 1981","79.652","20.348","",""
"Turkey"," 1980","80.037","19.963","",""
"Turkmenistan"," 2014","42.652","57.348","",""
"Turkmenistan"," 2013","42.257","57.743","",""
"Turkmenistan"," 2012","43.746","56.254","",""
"Turkmenistan"," 2011","43.495","56.505","",""
"Turkmenistan"," 2010","43.847","56.153","",""
"Turkmenistan"," 2009","43.586","56.414","",""
"Turkmenistan"," 2008","43.836","56.164","",""
"Tuvalu"," 2018","","","4.082","95.918"
"Uganda"," 2018","","","20.709","79.291"
"Uganda"," 2017","","","20.387","79.613"
"Uganda"," 2016","","","19.932","80.068"
"Uganda"," 2015","","","19.932","80.068"
"Uganda"," 2014","","","18.585","81.415"
"Uganda"," 2013","","","17.291","82.709"
"Ukraine"," 2014","38.925","61.075","",""
"Ukraine"," 2013","38.712","61.288","",""
"Ukraine"," 2012","39.145","60.855","",""
"Ukraine"," 2011","39.209","60.791","",""
"Ukraine"," 2010","39.39","60.61","",""
"Ukraine"," 2009","39.603","60.397","",""
"Ukraine"," 2008","39.382","60.618","",""
"Ukraine"," 2007","38.871","61.129","",""
"Ukraine"," 2006","38.926","61.074","",""
"Ukraine"," 2005","39.015","60.985","",""
"Ukraine"," 2004","39.063","60.937","",""
"Ukraine"," 2003","38.865","61.135","",""
"Ukraine"," 2002","39.201","60.799","",""
"Ukraine"," 2001","39.217","60.783","",""
"Ukraine"," 2000","38.953","61.047","",""
"United Arab Emirates"," 2018","58.677","41.323","18.889","81.111"
"United Arab Emirates"," 2017","59.519","40.481","19.342","80.658"
"United Arab Emirates"," 2016","60.014","39.986","19.518","80.482"
"United Kingdom of Great Britain and Northern Ireland"," 2018","51.374","48.626","11.38","88.62"
"United Kingdom of Great Britain and Northern Ireland"," 2017","51.861","48.139","11.488","88.512"
"United Kingdom of Great Britain and Northern Ireland"," 2016","52.347","47.653","11.457","88.543"
"United Kingdom of Great Britain and Northern Ireland"," 2015","52.64","47.36","11.269","88.731"
"United Kingdom of Great Britain and Northern Ireland"," 2014","53.159","46.841","",""
"United Kingdom of Great Britain and Northern Ireland"," 2013","53.939","46.061","",""
"United Kingdom of Great Britain and Northern Ireland"," 2012","54.645","45.355","",""
"United Kingdom of Great Britain and Northern Ireland"," 2011","55.347","44.653","",""
"United Kingdom of Great Britain and Northern Ireland"," 2010","56.251","43.749","",""
"United Kingdom of Great Britain and Northern Ireland"," 2009","57.025","42.975","",""
"United Kingdom of Great Britain and Northern Ireland"," 2008","57.893","42.107","",""
"United Kingdom of Great Britain and Northern Ireland"," 2007","59.135","40.865","",""
"United Kingdom of Great Britain and Northern Ireland"," 2006","60.2","39.8","",""
"United Kingdom of Great Britain and Northern Ireland"," 2005","61.245","38.755","",""
"United Kingdom of Great Britain and Northern Ireland"," 2004","61.855","38.145","",""
"United Kingdom of Great Britain and Northern Ireland"," 2003","62.289","37.711","",""
"United Kingdom of Great Britain and Northern Ireland"," 2002","62.759","37.241","",""
"United Kingdom of Great Britain and Northern Ireland"," 2001","63.418","36.582","",""
"United Kingdom of Great Britain and Northern Ireland"," 2000","63.786","36.214","",""
"United Kingdom of Great Britain and Northern Ireland"," 1999","65.234","34.766","",""
"United Kingdom of Great Britain and Northern Ireland"," 1998","65.647","34.353","",""
"United Kingdom of Great Britain and Northern Ireland"," 1997","66.364","33.636","",""
"United Kingdom of Great Britain and Northern Ireland"," 1996","67.127","32.873","",""
"United Kingdom of Great Britain and Northern Ireland"," 1995","67.554","32.446","",""
"United Kingdom of Great Britain and Northern Ireland"," 1994","68.383","31.617","",""
"United Kingdom of Great Britain and Northern Ireland"," 1993","69.027","30.973","",""
"United Kingdom of Great Britain and Northern Ireland"," 1992","69.695","30.305","",""
"United Kingdom of Great Britain and Northern Ireland"," 1991","69.353","30.647","",""
"United Republic of Tanzania"," 2017","","","18.657","81.343"
"United States of America"," 2017","63.905","36.095","10.96","89.04"
"United States of America"," 2016","64.475","35.525","",""
"United States of America"," 2015","64.938","35.062","",""
"United States of America"," 2014","65.436","34.564","",""
"United States of America"," 2013","65.91","34.09","",""
"United States of America"," 2012","66.58","33.42","",""
"United States of America"," 2011","67.284","32.716","",""
"United States of America"," 2010","68.245","31.755","8.573","91.427"
"United States of America"," 2009","68.676","31.324","",""
"United States of America"," 2008","69.222","30.778","",""
"United States of America"," 2007","69.918","30.082","",""
"United States of America"," 2006","70.455","29.545","",""
"United States of America"," 2005","71.111","28.889","7.934","92.066"
"Uruguay"," 2016","42.473","57.527","",""
"Uruguay"," 2006","","","15.541","84.459"
"Uzbekistan"," 2014","47.315","52.685","",""
"Uzbekistan"," 2013","48.601","51.399","",""
"Uzbekistan"," 2012","46.972","53.028","",""
"Uzbekistan"," 2011","46.26","53.74","",""
"Uzbekistan"," 2010","45.878","54.122","",""
"Uzbekistan"," 2009","45.929","54.071","",""
"Uzbekistan"," 2008","45.82","54.18","",""
"Venezuela (Bolivarian Republic of)"," 2018","","","12.841","87.159"
"Viet Nam"," 2009","","","23.341","76.659"
"Yemen"," 2018","","","55.599","44.401"
"Yemen"," 2017","","","57.598","42.402"
"Yemen"," 2016","","","64.21","35.78"
"Yemen"," 2014","85.113","14.887","67.28","32.71"
"Yemen"," 2013","","","69.12","30.87"
"Zambia"," 2018","18.45","81.55","17.758","82.242"
"Zambia"," 2017","","","18.428","81.572"
"Zambia"," 2010","","","24.36","75.64"
"Zimbabwe"," 2018","71.849","28.151","23.999","76.001"
"Zimbabwe"," 2017","","","22.746","77.254"
"Zimbabwe"," 2015","63.01","36.99","38.111","61.889"
"Zimbabwe"," 2012","67.521","32.479","20.825","79.175"
